event_id,date,city,country,venue,is_apex
754968e325d6f60d,2025-08-23,Shanghai,China,,0
421ccfc6ddb17958,2025-08-16,Chicago,USA,,0
6cd3dfc54f01287f,2025-08-09,Las Vegas,USA,,0
f2c934689243fe4e,2025-08-02,Las Vegas,USA,,0
28d8638ea0a71908,2025-07-26,Abu Dhabi,United Arab Emirates,,0
b8e2f10efb6eca85,2025-07-19,New Orleans,USA,,0
7b03d9df5910917d,2025-07-12,Nashville,USA,,0
66766984842c13dc,2025-06-28,Las Vegas,USA,,0
400c7b43c86d27d3,2025-06-21,Baku,Azerbaijan,,0
de277a4abcfeea46,2025-06-14,Atlanta,USA,,0
18c49685296c60e6,2025-06-07,Newark,USA,,0
2a898bf9fb7710b3,2025-05-31,Las Vegas,USA,,0
8ad022dd81224f61,2025-05-17,Las Vegas,USA,,0
118463dd8db16e7f,2025-05-10,Montreal,Canada,,0
de20ffb3fc2e7629,2025-05-03,Des Moines,USA,,0
b2e3aca4cd363477,2025-04-26,Kansas City,USA,,0
22f4b6cb6b1bd7fd,2025-04-12,Miami,USA,,0
86b30a86664cb6e4,2025-04-05,Las Vegas,USA,,0
0f7210aa8d61af8d,2025-03-29,Mexico City,Mexico,,0
cc2ad11b1f9d818b,2025-03-22,London,United Kingdom,,0
39f62b833e4cf126,2025-03-15,Las Vegas,USA,,0
ca936c67687789e9,2025-03-08,Las Vegas,USA,,0
9766ed20b68c7c33,2025-03-01,Las Vegas,USA,,0
c50ea21fe9ef478d,2025-02-22,Seattle,USA,,0
ce7871949b0ed2bf,2025-02-15,Las Vegas,USA,,0
e6015889f50075d2,2025-02-08,Sydney,Australia,,0
80dbeb1dd5b53e64,2025-02-01,Riyadh,Saudi Arabia,,0
39f68882def7a507,2025-01-18,Inglewood,USA,,0
81ddc98fceb30086,2025-01-11,Las Vegas,USA,,0
72c9c2eadfc3277e,2024-12-14,Tampa,USA,,0
ad23903ef3af7406,2024-12-07,Las Vegas,USA,,0
e955046551f8c7dd,2024-11-23,Macau,China,,0
daff32bc96d1eabf,2024-11-16,New York City,USA,,0
585f9ffdb0cd0466,2024-11-09,Las Vegas,USA,,0
3ab0df1ddd5f1dc2,2024-11-02,Edmonton,Canada,,0
221b2a3070c7ce3e,2024-10-26,Abu Dhabi,United Arab Emirates,,0
6a0047ac8c99fece,2024-10-19,Las Vegas,USA,,0
5bdcbd8dd681a257,2024-10-12,Las Vegas,USA,,0
eee8efec7b951d84,2024-10-05,Salt Lake City,USA,,0
079488710f012779,2024-09-28,Paris,France,,0
0c01568b1ac77bff,2024-09-14,Las Vegas,USA,,0
ee0b69e307c857e5,2024-09-07,Las Vegas,USA,,0
be8ad887e4d674b0,2024-08-24,Las Vegas,USA,,0
32ba186f4b0e3267,2024-08-17,Perth,Australia,,0
2c733e059462c1dc,2024-08-10,Las Vegas,USA,,0
fe435e440b5de0ff,2024-08-03,Abu Dhabi,United Arab Emirates,,0
026b4f7049085842,2024-07-27,Manchester,United Kingdom,,0
c11036da9162cb5f,2024-07-20,Las Vegas,USA,,0
66e0a70352fef46a,2024-07-13,Denver,USA,,0
f3743d8ef5dde970,2024-06-29,Las Vegas,USA,,0
b12a1d19ee383b7c,2024-06-22,Riyadh,Saudi Arabia,,0
9c5828c6fd9dc948,2024-06-15,Las Vegas,USA,,0
cba3a2dfbc06ce79,2024-06-08,Louisville,USA,,0
6e4acc2c115215b5,2024-06-01,Newark,USA,,0
46baf0f57edfa4df,2024-05-18,Las Vegas,USA,,0
5dfe71ade71f3a4b,2024-05-11,St. Louis,USA,,0
981ab7a0576f76a0,2024-05-04,Rio de Janeiro,Brazil,,0
a16ce18149021139,2024-04-27,Las Vegas,USA,,0
6750e338922a099d,2024-04-13,Las Vegas,USA,,0
899eaba48fa864a6,2024-04-06,Las Vegas,USA,,0
dba230fe33011201,2024-03-30,Atlantic City,USA,,0
79ff6545b0abc685,2024-03-23,Las Vegas,USA,,0
c398235fcaf8d71d,2024-03-16,Las Vegas,USA,,0
a9df5ae20a97b090,2024-03-09,Miami,USA,,0
e4a9dbade7c7e1a7,2024-03-02,Las Vegas,USA,,0
902ab9197b83d0db,2024-02-24,Mexico City,Mexico,,0
dab0e6cb8c932162,2024-02-17,Anaheim,USA,,0
eaea0fc7b76525a8,2024-02-10,Las Vegas,USA,,0
cce79e827569f26e,2024-02-03,Las Vegas,USA,,0
bd85ca0bb4f26cfc,2024-01-20,Toronto,Canada,,0
010986ee359fb863,2024-01-13,Las Vegas,USA,,0
a8e8587a06e73c87,2023-12-16,Las Vegas,USA,,0
5ef0088c1b19beeb,2023-12-09,Las Vegas,USA,,0
53e4e21f4c688801,2023-12-02,Austin,USA,,0
3feed7d02711d8b7,2023-11-18,Las Vegas,USA,,0
5a558ba1ff5e9121,2023-11-11,New York City,USA,,0
7c4ec656d8fcb867,2023-11-04,Sao Paulo,Brazil,,0
13a0fb8fbdafb54f,2023-10-21,Abu Dhabi,United Arab Emirates,,0
f3a078277b3b8ff4,2023-10-14,Las Vegas,USA,,0
c8a49ff2acb6f3c5,2023-10-07,Las Vegas,USA,,0
c945adc22c2bfe8f,2023-09-23,Las Vegas,USA,,0
8fa2b06572365321,2023-09-16,Las Vegas,USA,,0
ece280745f8727b8,2023-09-09,Sydney,Australia,,0
ef61d9f5176b3200,2023-09-02,Paris,France,,0
89a407032911e27e,2023-08-26,Kallang,Singapore,,0
2719f300b0439039,2023-08-19,Boston,USA,,0
d2fa318f34d0aadc,2023-08-12,Las Vegas,USA,,0
6f81b6de2557739a,2023-08-05,Nashville,USA,,0
ccd58ff71e260ed5,2023-07-29,Salt Lake City,USA,,0
1174782eacde9b0c,2023-07-22,London,United Kingdom,,0
c9885b1b7c7055a0,2023-07-15,Las Vegas,USA,,0
6085ceb59087514b,2023-07-08,Las Vegas,USA,,0
e9e1acc96536bb4f,2023-07-01,Las Vegas,USA,,0
a780d16cf7eed44d,2023-06-24,Jacksonville,USA,,0
b9415726dc3ec526,2023-06-17,Las Vegas,USA,,0
b6c6d1731ff00eeb,2023-06-10,Vancouver,Canada,,0
7abe471b61725980,2023-06-03,Las Vegas,USA,,0
6f812143641ceff8,2023-05-20,Las Vegas,USA,,0
901cddcbfa079097,2023-05-13,Charlotte,USA,,0
3c6976f8182d9527,2023-05-06,Newark,USA,,0
51b1e2fd9872005b,2023-04-29,Las Vegas,USA,,0
6fb1ba67bef41b37,2023-04-22,Las Vegas,USA,,0
15b1b21cd743d652,2023-04-15,Kansas City,USA,,0
3dc3022232b79c7a,2023-04-08,Miami,USA,,0
aec273fcb765330d,2023-03-25,San Antonio,USA,,0
e4bb7e483c4ad318,2023-03-18,London,United Kingdom,,0
35080a7f406f9ab3,2023-03-11,Las Vegas,USA,,0
1ccff7f0cfdf85eb,2023-03-04,Las Vegas,USA,,0
806975e1b4f47b27,2023-02-25,Las Vegas,USA,,0
f21a3d68fb9df387,2023-02-18,Las Vegas,USA,,0
01dd4cdc2446f665,2023-02-11,Perth,Australia,,0
d26394fc0e8e880a,2023-02-04,Las Vegas,USA,,0
5717efc6f271cd52,2023-01-21,Rio de Janeiro,Brazil,,0
2e2cdb6e9eb84bb9,2023-01-14,Las Vegas,USA,,0
56ec58954158966a,2022-12-17,Las Vegas,USA,,0
f65a0eb902f9476b,2022-12-10,Las Vegas,USA,,0
b23388ff8ac6637b,2022-12-03,Orlando,USA,,0
012fc7cd0779c09a,2022-11-19,Las Vegas,USA,,0
b3b6e80b7d5f8f0d,2022-11-12,New York City,USA,,0
756f45905fb20cb5,2022-11-05,Las Vegas,USA,,0
be5aab761c40ef35,2022-10-29,Las Vegas,USA,,0
885e7f70dcac0007,2022-10-22,Abu Dhabi,United Arab Emirates,,0
49c29e57d4e2be6f,2022-10-15,Las Vegas,USA,,0
4f670b7972fa0a2e,2022-10-01,Las Vegas,USA,,0
8d477c3fbe001f9d,2022-09-17,Las Vegas,USA,,0
93bf96be327fcd98,2022-09-10,Las Vegas,USA,,0
00a905a4a4a2b071,2022-09-03,Paris,France,,0
4f853e98886283cf,2022-08-20,Salt Lake City,USA,,0
a23e63184c65f5b8,2022-08-13,San Diego,USA,,0
8f6a18831a120817,2022-08-06,Las Vegas,USA,,0
b0a6124751a56bc4,2022-07-30,Dallas,USA,,0
319c15b8aac5bfde,2022-07-23,London,United Kingdom,,0
8fd76e1b49c00ae2,2022-07-16,Elmont,USA,,0
31da66df48c0c1a0,2022-07-09,Las Vegas,USA,,0
4a9e305633f3ef47,2022-07-02,Las Vegas,USA,,0
eb42d4febfafefd1,2022-06-25,Las Vegas,USA,,0
a0a680fe2f6cc8e6,2022-06-18,Austin,USA,,0
3a24769a4855040a,2022-06-11,Kallang,Singapore,,0
57591bbf1623574e,2022-06-04,Las Vegas,USA,,0
a6c32678efd4f434,2022-05-21,Las Vegas,USA,,0
60ba33c3f555a7a3,2022-05-14,Las Vegas,USA,,0
253d3f9e97ca149a,2022-05-07,Phoenix,USA,,0
6bf5a7d3e081ade2,2022-04-30,Las Vegas,USA,,0
236a37d96d476164,2022-04-23,Las Vegas,USA,,0
8753e125f4499816,2022-04-16,Las Vegas,USA,,0
3a97fda0de6f1fa4,2022-04-09,Jacksonville,USA,,0
1fac46d466abd5b8,2022-03-26,Columbus,USA,,0
1d00756835ca67c9,2022-03-19,London,United Kingdom,,0
1f9344211ca7fd60,2022-03-12,Las Vegas,USA,,0
75e0d3cc2262b732,2022-03-05,Las Vegas,USA,,0
f6a7b02c42e9fc5b,2022-02-26,Las Vegas,USA,,0
77940e45bc86208e,2022-02-19,Las Vegas,USA,,0
cbb682f5fcc44bfc,2022-02-12,Houston,USA,,0
883922e5cd6d8473,2022-02-05,Las Vegas,USA,,0
335ad945324c3a2e,2022-01-22,Anaheim,USA,,0
f5585e675af7afd4,2022-01-15,Las Vegas,USA,,0
2a470ad41c22c25a,2021-12-18,Las Vegas,USA,,0
ef927e4fe2117ab8,2021-12-11,Las Vegas,USA,,0
509697e08673d2e5,2021-12-04,Las Vegas,USA,,0
c95fbc085e17a532,2021-11-20,Las Vegas,USA,,0
b5abaa65f87938eb,2021-11-13,Las Vegas,USA,,0
48e093ea1f43a053,2021-11-06,New York City,USA,,0
3974fa35c917af1d,2021-10-30,Abu Dhabi,United Arab Emirates,,0
8a9c6c4301f6d088,2021-10-23,Las Vegas,USA,,0
8f4616698508f24d,2021-10-16,Las Vegas,USA,,0
d247691a6c0e9034,2021-10-09,Las Vegas,USA,,0
e15d0a2519d6a0b5,2021-10-02,Las Vegas,USA,,0
0eec866a077889f0,2021-09-25,Las Vegas,USA,,0
4c27ca8c8481f79a,2021-09-18,Las Vegas,USA,,0
b9532d815060de7f,2021-09-04,Las Vegas,USA,,0
0db9d2486d564a3c,2021-08-28,Las Vegas,USA,,0
2f13e4020cea5b38,2021-08-21,Las Vegas,USA,,0
972197a8c61ac413,2021-08-07,Houston,USA,,0
320edfb0332b7073,2021-07-31,Las Vegas,USA,,0
e57f0b06ea39e360,2021-07-24,Las Vegas,USA,,0
40389d39a92f5bfa,2021-07-17,Las Vegas,USA,,0
8a0be41c0380188d,2021-07-10,Las Vegas,USA,,0
a1d6b308781aa2f5,2021-06-26,Las Vegas,USA,,0
9ddfb3369a3b0394,2021-06-19,Las Vegas,USA,,0
0b64d0fed453ef7f,2021-06-12,Glendale,USA,,0
3b2485c8d5c8b580,2021-06-05,Las Vegas,USA,,0
277ffed20cf07aea,2021-05-22,Las Vegas,USA,,0
744f50016c39c26c,2021-05-15,Houston,USA,,0
58a36b4ccf5dc30e,2021-05-08,Las Vegas,USA,,0
d57e6a8971b6d2bd,2021-05-01,Las Vegas,USA,,0
27541033b97c076d,2021-04-24,Jacksonville,USA,,0
4a35913bd9aa4161,2021-04-17,Las Vegas,USA,,0
9114c8ded5ccd71d,2021-04-10,Las Vegas,USA,,0
6597b611f1c32555,2021-03-27,Las Vegas,USA,,0
c36e1f4fa755ffb4,2021-03-20,Las Vegas,USA,,0
8c90c1563972e44d,2021-03-13,Las Vegas,USA,,0
6e2b1d631832921d,2021-03-06,Las Vegas,USA,,0
81b57acd6975ac06,2021-02-27,Las Vegas,USA,,0
bfe95ec546692b13,2021-02-20,Las Vegas,USA,,0
3f7c14c7eca7195d,2021-02-13,Las Vegas,USA,,0
a1153013cb5f628f,2021-02-06,Las Vegas,USA,,0
4304992c2acc187b,2021-01-23,Abu Dhabi,United Arab Emirates,,0
56116537d71a578c,2021-01-20,Abu Dhabi,United Arab Emirates,,0
307064d3e0f036c2,2021-01-16,Abu Dhabi,United Arab Emirates,,0
e49c2db95e572dc8,2020-12-19,Las Vegas,USA,,0
d0d43cb9b14f231c,2020-12-12,Las Vegas,USA,,0
398b440e73d55b8b,2020-12-05,Las Vegas,USA,,0
992c82450d96f726,2020-11-28,Las Vegas,USA,,0
bbb15f301e4a490a,2020-11-21,Las Vegas,USA,,0
3bc27ec15facbcf3,2020-11-14,Las Vegas,USA,,0
41dca66f9dadfc86,2020-11-07,Las Vegas,USA,,0
ad044be25c94dcfd,2020-10-31,Las Vegas,USA,,0
c3c38c86f5ab9b5c,2020-10-24,Abu Dhabi,United Arab Emirates,,0
d4f364dd076bb0e2,2020-10-17,Abu Dhabi,United Arab Emirates,,0
fd4578cac86d75ca,2020-10-10,Abu Dhabi,United Arab Emirates,,0
805ad1801eb26abb,2020-10-03,Abu Dhabi,United Arab Emirates,,0
e69c5ce12f4e762b,2020-09-26,Abu Dhabi,United Arab Emirates,,0
831b937811804dad,2020-09-19,Las Vegas,USA,,0
9c37681096c6f3a9,2020-09-12,Las Vegas,USA,,0
542db012217ecb83,2020-09-05,Las Vegas,USA,,0
e29cf523ebd155c5,2020-08-29,Las Vegas,USA,,0
af1e5c64b8663aa0,2020-08-22,Las Vegas,USA,,0
bda04c573563cc2e,2020-08-15,Las Vegas,USA,,0
7a82635ffa9b59fe,2020-08-08,Las Vegas,USA,,0
3746e21bb508391a,2020-08-01,Las Vegas,USA,,0
dde70a112e053a6c,2020-07-25,Abu Dhabi,United Arab Emirates,,0
ddbd0d6259ce57cc,2020-07-18,Abu Dhabi,United Arab Emirates,,0
18f5669a92e99d92,2020-07-15,Abu Dhabi,United Arab Emirates,,0
dbd198f780286aca,2020-07-11,Abu Dhabi,United Arab Emirates,,0
c32eab6c2119e989,2020-06-27,Las Vegas,USA,,0
2eab7a6c8b0ed8cc,2020-06-20,Las Vegas,USA,,0
1e13936d708bcff7,2020-06-13,Las Vegas,USA,,0
4c12aa7ca246e7a4,2020-06-06,Las Vegas,USA,,0
14b9e0f2679a2205,2020-05-30,Las Vegas,USA,,0
dfb965c9824425db,2020-05-16,Jacksonville,USA,,0
5f8e00c27b7e7410,2020-05-13,Jacksonville,USA,,0
898337ef520fe4d3,2020-05-09,Jacksonville,USA,,0
53278852bcd91e11,2020-03-14,Brasilia,Brazil,,0
0b5b6876c2a4723f,2020-03-07,Las Vegas,USA,,0
fc9a9559a05f2704,2020-02-29,Norfolk,USA,,0
33b2f68ef95252e0,2020-02-22,Auckland,New Zealand,,0
5df17b3620145578,2020-02-15,Rio Rancho,USA,,0
b26d3e3746fb4024,2020-02-08,Houston,USA,,0
44aa652b181bcf68,2020-01-25,Raleigh,USA,,0
0c1773639c795466,2020-01-18,Las Vegas,USA,,0
74fefd43f073cd2f,2019-12-21,Busan,South Korea,,0
4565d435005319c0,2019-12-14,Las Vegas,USA,,0
b09890ba7ce1d1e2,2019-12-07,Washington,USA,,0
81ca2c245b19b3c5,2019-11-16,Sao Paulo,Brazil,,0
8d5daf67983b65ba,2019-11-09,Moscow,Russia,,0
fd87b1bbfcde9d5e,2019-11-02,New York City,USA,,0
df05aa15b2d66f57,2019-10-26,Kallang,Singapore,,0
3ae10ac4df3df05c,2019-10-18,Boston,USA,,0
0941df56f6ac954b,2019-10-12,Tampa,USA,,0
3cf68c1d17f66af7,2019-10-05,Melbourne,Australia,,0
1bf49bf829964144,2019-09-28,Copenhagen,Denmark,,0
94a5aaf573f780ad,2019-09-21,Mexico City,Mexico,,0
4834ff149dc9542a,2019-09-14,Vancouver,Canada,,0
a79bfbc01b2264d6,2019-09-07,Abu Dhabi,United Arab Emirates,,0
2c104b7e59a72629,2019-08-31,Shenzhen,China,,0
70167689d6a01793,2019-08-17,Anaheim,USA,,0
e5d03e4d966126bd,2019-08-10,Montevideo,Uruguay,,0
03da33a102d9a45f,2019-08-03,Newark,USA,,0
abcf7e55a0a9ed89,2019-07-27,Edmonton,Canada,,0
9e0f28d1f639ad73,2019-07-20,San Antonio,USA,,0
2f8f3c69522db931,2019-07-13,Sacramento,USA,,0
6c9383ffab2725a5,2019-07-06,Las Vegas,USA,,0
c0c1bc0766df4c00,2019-06-29,Minneapolis,USA,,0
b16a7e6a627e9789,2019-06-22,Greenville,USA,,0
e31502e3f79d00c5,2019-06-08,Chicago,USA,,0
cbc071cb20ea59c7,2019-06-01,Stockholm,Sweden,,0
6b8f28da9a483049,2019-05-18,Rochester,USA,,0
9de7c97e1c0d7927,2019-05-11,Rio de Janeiro,Brazil,,0
351264d11286d09a,2019-05-04,Ottawa,Canada,,0
c912f676692c353a,2019-04-27,Sunrise,USA,,0
7dcf06c1967801c1,2019-04-20,Saint Petersburg,Russia,,0
b0550072e5f0afa7,2019-04-13,Atlanta,USA,,0
9649d75defe0dedb,2019-03-30,Philadelphia,USA,,0
487c170da059857d,2019-03-23,Nashville,USA,,0
80eacd4da0617c57,2019-03-16,London,United Kingdom,,0
e96d8538d3f9d0ed,2019-03-09,Wichita,USA,,0
2d5fbe2103f97053,2019-03-02,Las Vegas,USA,,0
6546af7ab545b90c,2019-02-23,Prague,Czech Republic,,0
a7a79b8efbceaaac,2019-02-17,Phoenix,USA,,0
b5882371e2a3900d,2019-02-09,Melbourne,Australia,,0
84283233ec42be5f,2019-02-02,Fortaleza,Brazil,,0
d4da8995fc91e7ef,2019-01-19,Brooklyn,USA,,0
c046100aea0dba9a,2018-12-29,Los Angeles,USA,,0
7a703c565ccaa18f,2018-12-15,Milwaukee,USA,,0
2a74bbba57058f12,2018-12-08,Toronto,Canada,,0
d1d20e651e6cbc02,2018-12-01,Adelaide,Australia,,0
c7ac79839e86ce33,2018-11-30,Las Vegas,USA,,0
de25520d54eab12d,2018-11-24,Beijing,China,,0
aa3153a9941b4d44,2018-11-17,Buenos Aires,Argentina,,0
42c96a9c4802e2e1,2018-11-10,Denver,USA,,0
20821819c401ced8,2018-11-03,New York City,USA,,0
33a331684283900f,2018-10-27,Moncton,Canada,,0
1ef0eae31904e534,2018-10-06,Las Vegas,USA,,0
852454c572675334,2018-09-22,Sao Paulo,Brazil,,0
8d49545dadf9b919,2018-09-15,Moscow,Russia,,0
d5ae8074631762fc,2018-09-08,Dallas,USA,,0
c0342805a1948cbb,2018-08-25,Lincoln,USA,,0
03b1e846b09f721d,2018-08-04,Los Angeles,USA,,0
322a56923b396b4d,2018-07-28,Calgary,Canada,,0
4f732e58ed907eff,2018-07-22,Hamburg,Germany,,0
b45d6b73f4ca4467,2018-07-14,Boise,USA,,0
35585d970300d45a,2018-07-07,Las Vegas,USA,,0
8215e4fe24e8e81b,2018-07-06,Las Vegas,USA,,0
ac5f67109accb482,2018-06-23,Kallang,Singapore,,0
2eae41f61776c60f,2018-06-09,Chicago,USA,,0
d29b5c4f22c6357d,2018-06-01,Utica,USA,,0
f5990c11974d8e9c,2018-05-27,Liverpool,United Kingdom,,0
3144121470023e9a,2018-05-19,Santiago,Chile,,0
67ec58d7cf599835,2018-05-12,Rio de Janeiro,Brazil,,0
ad99fa5325519169,2018-04-21,Atlantic City,USA,,0
620be7e0712d431b,2018-04-14,Glendale,USA,,0
49e7e05f902479ca,2018-04-07,Brooklyn,USA,,0
eed2b71d77d95416,2018-03-17,London,United Kingdom,,0
7929be8290289a47,2018-03-03,Las Vegas,USA,,0
daa89f01e1c0f42a,2018-02-24,Orlando,USA,,0
d181689653115b6a,2018-02-18,Austin,USA,,0
15515e797aedc137,2018-02-10,Perth,Australia,,0
7cf20446453f852b,2018-02-03,Belem,Brazil,,0
602bb270f2bdbf02,2018-01-27,Charlotte,USA,,0
02177caefe7c07d4,2018-01-20,Boston,USA,,0
fc1868f56d3036eb,2018-01-14,St. Louis,USA,,0
04076783ca83d6ae,2017-12-30,Las Vegas,USA,,0
eaa0a728cc91ef60,2017-12-16,Winnipeg,Canada,,0
bcd124bcd3d5be46,2017-12-09,Fresno,USA,,0
9e30f69cc0869301,2017-12-02,Detroit,USA,,0
30e8b4505f5ccf92,2017-12-01,Las Vegas,USA,,0
e7bc606d269896aa,2017-11-25,Shanghai,China,,0
caced97768818230,2017-11-18,Sydney,Australia,,0
d856a0080ac09ed7,2017-11-11,Norfolk,USA,,0
a25b71fe5e31fa97,2017-11-04,New York City,USA,,0
a7724f51e32e763e,2017-10-28,Sao Paulo,Brazil,,0
d6b68eaf4b68b160,2017-10-21,Gdansk,Poland,,0
cc5834a495d1ea08,2017-10-07,Las Vegas,USA,,0
9211aae062b799d6,2017-09-22,Saitama,Japan,,0
1979c80150f630c4,2017-09-16,Pittsburgh,USA,,0
d86e913c548c07c2,2017-09-09,Edmonton,Canada,,0
a3244e3238541482,2017-09-02,Rotterdam,Netherlands,,0
f4a031ac205ac580,2017-08-05,Mexico City,Mexico,,0
ff9578cdbfabd323,2017-07-29,Anaheim,USA,,0
9f3d6ddef3d3cccc,2017-07-22,Uniondale,USA,,0
d7907a9a968e4d29,2017-07-16,Glasgow,United Kingdom,,0
686cccbf1a4de453,2017-07-08,Las Vegas,USA,,0
23bd78c3f89bdb54,2017-07-07,Las Vegas,USA,,0
99bf06f20491cb54,2017-06-25,Oklahoma City,USA,,0
353de740bb6c7e75,2017-06-17,Kallang,Singapore,,0
90e7447d8b7f3f35,2017-06-10,Auckland,New Zealand,,0
1507214bbc7a79e2,2017-06-03,Rio de Janeiro,Brazil,,0
1c7cce2f5c17160d,2017-05-28,Stockholm,Sweden,,0
5df10509264586e5,2017-05-13,Dallas,USA,,0
bc7f7f0ba3db74d2,2017-04-22,Nashville,USA,,0
ed069a95aaaf4f56,2017-04-15,Kansas City,USA,,0
e7bfdb5e0112891e,2017-04-08,Buffalo,USA,,0
c0231720fe516994,2017-03-18,London,United Kingdom,,0
47b7e4e60813b7b2,2017-03-11,Fortaleza,Brazil,,0
20e403a1acfef130,2017-03-04,Las Vegas,USA,,0
b4ad3a06ee4d660c,2017-02-19,Halifax,Canada,,0
865aa315ea62c511,2017-02-11,Brooklyn,USA,,0
6a8a06b542e1516d,2017-02-04,Houston,USA,,0
4512e46543b960ad,2017-01-28,Denver,USA,,0
46effbd1135423c5,2017-01-15,Phoenix,USA,,0
4b2390cfaceb91d8,2016-12-30,Las Vegas,USA,,0
32541eb5d12668b4,2016-12-17,Sacramento,USA,,0
6e3282d57d2467a0,2016-12-10,Toronto,Canada,,0
7139cd2ae4bf6a29,2016-12-09,Albany,USA,,0
bd4389b71fdc0ce2,2016-12-03,Las Vegas,USA,,0
73e09f837f3b5ecc,2016-11-26,Melbourne,Australia,,0
5cde96e0a1a1fffe,2016-11-19,Sao Paulo,Brazil,,0
6810d8d2dd557cf9,2016-11-19,Belfast,United Kingdom,,0
4956f60b7fa57c1a,2016-11-12,New York City,USA,,0
6083f497c22cc075,2016-11-05,Mexico City,Mexico,,0
154a6b3ffae264cd,2016-10-08,Manchester,United Kingdom,,0
a196332ee4aa8a82,2016-10-01,Portland,USA,,0
e18012194473e8b0,2016-09-24,Brasilia,Brazil,,0
d6455cb4bee503ce,2016-09-17,Hidalgo,USA,,0
2dc7f1762dc0a7ef,2016-09-10,Cleveland,USA,,0
2b4faacc16d66898,2016-09-03,Hamburg,Germany,,0
cfbccfed4e4796fe,2016-08-27,Vancouver,Canada,,0
5da4e8dc02e50ac0,2016-08-20,Las Vegas,USA,,0
232c582f29f8f65e,2016-08-06,Salt Lake City,USA,,0
72cbe507644a587c,2016-07-30,Atlanta,USA,,0
8a028648f3f0761d,2016-07-23,Chicago,USA,,0
5e7a28f20927d64a,2016-07-13,Sioux Falls,USA,,0
aa5b4eff51bdc7d1,2016-07-09,Las Vegas,USA,,0
cd42bbe8887bba90,2016-07-08,Las Vegas,USA,,0
45a2ba3ef82b9700,2016-07-07,Las Vegas,USA,,0
563d051c9e769b24,2016-06-18,Ottawa,Canada,,0
ff4c3ab594c7fac3,2016-06-04,Los Angeles,USA,,0
990060b2a68a7b82,2016-05-29,Las Vegas,USA,,0
a4bf17bd3ba3423b,2016-05-14,Curitiba,Brazil,,0
a314687f372b2cec,2016-05-08,Rotterdam,Netherlands,,0
3d481aa374c954a1,2016-04-23,Las Vegas,USA,,0
e7e970d508529bf3,2016-04-16,Tampa,USA,,0
4887e5bc4dbb73ff,2016-04-10,Zagreb,Croatia,,0
e60201cfab7d656d,2016-03-19,Brisbane,Australia,,0
db1f2ed63b54b9a7,2016-03-05,Las Vegas,USA,,0
39c568f8c579913e,2016-02-27,London,United Kingdom,,0
d56bb6dff2ae77eb,2016-02-21,Pittsburgh,USA,,0
de99da2c0d18d34a,2016-02-06,Las Vegas,USA,,0
b3fb8d2293e17a59,2016-01-30,Newark,USA,,0
c6becb722706c7d8,2016-01-17,Boston,USA,,0
380e8b023290d091,2016-01-02,Las Vegas,USA,,0
80d918336163b80c,2015-12-19,Orlando,USA,,0
354808cf38d9d73c,2015-12-12,Las Vegas,USA,,0
20fbff570c678e1c,2015-12-11,Las Vegas,USA,,0
dd39f1ca787a3d9d,2015-12-10,Las Vegas,USA,,0
4d636c3aa1105950,2015-11-28,Seoul,South Korea,,0
243b07fc65ccbb16,2015-11-21,Monterrey,Mexico,,0
8d04923f2db59b7f,2015-11-14,Melbourne,Australia,,0
5345f86680378fc1,2015-11-07,Sao Paulo,Brazil,,0
f3155a94ca420126,2015-10-24,Dublin,Ireland,,0
119ebea97e914dcf,2015-10-03,Houston,USA,,0
a4dd5c9a75763295,2015-09-26,Saitama,Japan,,0
82f5c81f4e3c3eb5,2015-09-05,Las Vegas,USA,,0
2ce6541127b0e232,2015-08-23,Saskatoon,Canada,,0
b71667c778b6d9e5,2015-08-08,Nashville,USA,,0
a9c45a8b21eabadc,2015-08-01,Rio de Janeiro,Brazil,,0
0c3838c8f7c620c2,2015-07-25,Chicago,USA,,0
ef7fa30364cbe7f2,2015-07-18,Glasgow,United Kingdom,,0
36877f0e62b25b96,2015-07-15,San Diego,USA,,0
a890f9a791ed615d,2015-07-12,Las Vegas,USA,,0
3be081c29bf734d9,2015-07-11,Las Vegas,USA,,0
86e388ed20761ad9,2015-06-27,Hollywood,USA,,0
194fc025f9355db6,2015-06-20,Berlin,Germany,,0
a58114c6dd0add64,2015-06-13,Mexico City,Mexico,,0
06dc1a58663579d2,2015-06-06,New Orleans,USA,,0
aae0897825336b1a,2015-05-30,Goiania,Brazil,,0
4f7e290e71d60f87,2015-05-23,Las Vegas,USA,,0
b1605ea39fba6af6,2015-05-16,Manila,Philippines,,0
8a1b4330c7957961,2015-05-09,Adelaide,Australia,,0
997b4f52f76a0b53,2015-04-25,Montreal,Canada,,0
bc7cf284c1c2f16e,2015-04-18,Newark,USA,,0
5de61b03868035ff,2015-04-11,Krakow,Poland,,0
16d09e800ad7ec79,2015-04-04,Fairfax,USA,,0
fa534853eb195270,2015-03-21,Rio de Janeiro,Brazil,,0
f54200f1dfb9b5d4,2015-03-14,Dallas,USA,,0
ad4e9055bf8cd04d,2015-02-28,Los Angeles,USA,,0
0577808d22dfe79c,2015-02-22,Porto Alegre,Brazil,,0
f9c7fe2682af3802,2015-02-14,Broomfield,USA,,0
43563a32c3f10e95,2015-01-31,Las Vegas,USA,,0
706404da0775dcbc,2015-01-24,Stockholm,Sweden,,0
f9aa6376ae16bfb4,2015-01-18,Boston,USA,,0
a72d260b436924c4,2015-01-03,Las Vegas,USA,,0
